question,answer
those shopping carts are dangerous.,especially the metal ones.
Maybe you should take a theater class instead.,I desperately need to take an English class this semester.
where did you lose it?,i don't know.
where do you go to watch people?,my girlfriend and i sit outside starbucks.
what about the unfriendly dogs?,"i think if you are friendly to dogs, they are friendly to you."
what's the matter with yours?,it's six years old.
that sounds great.,we'll go to a french restaurant.
Hi. How can I help you today?,"Well, my window facing the empty lot is broken."
someone stole his laptop.,he was asking for it.
are you really?,i'm serious. you deserved this promotion.
without the peanut butter!,that's no good!
Why do not you come with us?,Nice but my parents would not allow me to go with you.
what else do they talk about?,they talk about food and the weather.
i think it was about 45 minutes long.,but it went by fast. it was interesting.
"You should do what you love,not necessarily what you're good at.",That is very cheesy advice.
Where are you transferring the money to?,I would like it transferred to my checking account.
high school.,i teach high school english.
I need $50.,"Wow, you must have kept those books long past the due date."
What's your address?,"I live at 45 NW 75th Avenue, Phoenix, Arizona."
good. i hope it doesn't cool off this weekend.,i know. i really want to go to the beach.
What kind would you like to open?,I would like to open a savings account.
i don't know. it's not my mud.,"well, someone brought it into the house."
i'm going to the movies with a friend. how about you?,i'm not sure yet.
i'm going to pcc.,how do you like it so far?
Something's wrong with my computer.,Exactly what?
then we'll just make a u-turn.,and then we can turn right at the light.
See you later,Bye
"if we are good, we will be happy in heaven with god.",that's what many people believe.
what are you talking about?,i got a ticket downtown for $140.
all the tv stations are going to go digital.,"yes, that will occur next month."
i think it's five miles deep.,are there fish at the bottom?
what did you do?,i watered all the plants.
Are you serious?,no
that trip must have cost a lot of money. ,he said all the money came from private donations.
what about that new game show?,which one?
"hi, how are you doing?",i'm fine. how about yourself?
what's the point?,how can it be fun?
where are you going?,i have to walk the dog.
that means we have to leave the house at 9:15.,"well, it's an hour to get there, if there are no traffic problems."
the husband said a fire department was nearby.,so what? did he dial 911?
look how many cars are waiting in line.,they need a left-turn arrow.
i sure hope not.,maybe they towed it away.
Why don't you borrow them for me?,I don't know about that. 
how many cars?,eleven cars.
i can add two and two.,so you're not very good at math?
are you going to buy a desktop or laptop?,"oh, a laptop, of course."
Which account are you making this withdrawal from?,I want it taken from my checking account.
that's not nice.,it's worse than that.
what interests you in that type of music?,i enjoy the different types of instruments that they use.
"yeah, let's do that.","okay, until next time then."
how do you like it so far?,i like it so far. my classes are pretty good right now.
so does mine.,i think it's an old people's smell.
what type of music do you like to listen to?,i like listening to different kinds of music.
Do you have a car?,Yes I am having a car
you're driving too fast.,i'm in a hurry.
"okay, mom, maybe i was picking it a little bit.",use a tissue next time.
"her face is really fat, but they say the swelling will go down.",and then will she look normal again?
don't wipe your nose on your sleeve.,but i don't have a tissue.
Where would you like to transfer money from?,Take it from my savings account.
I was sold a wireless service unavailable in my area.,"I see it here,we charged you $5 extra a month."
because it has great teachers.,what else?
ha! we're not funny-looking; animals are funny-looking.,we're funny-looking because we wear clothes.
Please come in,Thank you
How are you doing today?,Great. Thank you.
That is because I'm worried.,What are you worried about?
she did? why didn't anyone tell me?,i would've thought that somebody would have told you.
about finding a job for me.,you don't need a job. i make enough money for both of us.
"Hey,Professor Hill.",What is it?
Do you need anything else?,That's everything.
we have to find a cheaper house.,of course. we can't live without gas or peanut butter.
Can I have your name?,My name is Sarah.
how much are they?,they're only $5 each.
he should act his age.,but a lot of old people are still interested in dating.
Do I have time?,You just have to make time.
look at this sheet.,yes?
do you have a digital tv?,of course. but i don't have cable.
so what have you been up to?,i've just been working a lot.
what a great song.,"how about ""let it be?"""
get one with the rubber suction cups on the bottom.,yes. that way it will stay where i put it.
I started shopping at the dollar store.,That saves a lot of money.
are they comfortable?,they're very comfortable.
that's only a penny a minute!,it's a great price. but you have to dial a lot of numbers.
"no, it's earth day.",what's that?
it was nothing for him.,he sank a 20-foot putt on the last hole to win by one stroke!
i agree. work is just as hard as school.,sometimes i wish i was back in school.
it gives you money?,i just insert my debit card into the machine.
i think that's an excellent reason to like something.,"thanks, i feel the same way."
the speed limit is 65!,"well, that's between 2:00 and 4:00 a.m."
that's rude.,then he drove too fast to the restaurant.
what happened?,our cousin went into labor and had her baby last week.
i've been to two doctors.,and they couldn't fix your problem?
they never shut up.,why did you get a poodle?
What are you watching?,I'm watching Friends. 
my friend stayed in a hotel on friday the thirteenth.,that was a mistake.
what's the matter? this is a nice room.,"maybe the room is nice, but not the bed."
what's on tv?,nothing much.
Dodo birds are extinct.,I'm just messing with you!
I'm thinking of adding another class.,Another one?You already have 7 classes.
Are there any other options?,"Show me proof that you're a student at this college,and you'll be good."
they were in the student parking lot.,how many tires were cut?
She never takes a shower.,That is disgusting!You should tell her to take a shower.
yes. you really deserved this.,you think so?
coffee and a roll?,"no, a real breakfast."
i'm getting married.,"you should be happy, not worried."
i attended school today. did you?,i wasn't able to attend school because i was feeling ill.
"yes, but i love the night air after it rains.",really? why is it?
now you're thinking.,you'd think a library would be safe from thieves.
all you have to do is vote and put a stamp on it.,how easy is that?
i don't know. look in the fridge.,i think i'll make a sandwich.
i teach high school english.,i didn't know that.
it has great schools.,it's close to the mountains.
Why not?I was a good student.,"Yes,you are a good student."
is there a reason why?,i just really don't want to go.
this trail is hard to climb.,especially on a hot day like this.
what's the matter?,"i think i know, because this happened before."
the only thing in my backpack is used books.,but thieves don't know that.
I've always watched the news.,What else did they say about the weekend?
how long did it take?,"four hours, without a break."
a good story is more important than color.,actors didn't curse back then.
they got $1 each.,people stood in line just to get one dollar?!
i'm afraid not.,"it's too far from your job, isn't it?"
tomorrow we'll have rice and fish for lunch.,i can't wait.
i don't know anyone who likes it.,"some of it is okay, i guess."
What seems to be the problem?,None of my wireless devices are connecting to the Wi-Fi.
only two cars can make a left turn every three or four minutes.,we'll be here forever.
there's something wrong with my right hand.,what's wrong with it?
have you heard what happened?,heard what?
it was hot and sunny every day.,what did you do at night?
is that it?,yes. that's all i ever give her.
I'm taking a cooking class.,That sounds interesting.
"number one, it's too slow.",you're right. a car is faster.
"a speeding car ran a red light, killing the girl.",what happened to the other student?
he said a doctor helped him with a personal problem.,he said he wasn't using drugs.
i will be glad to do the same for you when you're sick.,"well, thank you. i hope to see you at school tomorrow."
why not?,i really can't stand going to parties.
why would i do that?,because men like to cheat.
No wonder you're in such great shape!,You'll be in great shape too after joining a sports club.
my sister had a cold. she gave it to me.,have you taken anything for your cold?
Do you want a sandwich?,"Yes, that sounds nice."
Me too!I would never take Speech 101 if I didn't need it.,"Yeah,I hate public speaking."
How much would you like to transfer?,I would like to transfer $200.
"you'll remember to do it, but you won't have time to do it.","okay, i'll take it out front right now."
"yes, it was.",they said about 30 houses burned to the ground.
rained out?,"yes, rained out."
i saw what you did.,i didn't do anything.
What did you wash?,I washed the sheets and towels.
because you'll have an accident. most accidents are because people are in a hurry.,how do you know that?
"okay, i give up.","well, there is one good table."
the bread is in the cabinet.,where's the mustard?
friends will lend you money when you're broke.,as long as you pay them back.
i saw dad wipe his nose on his sleeve yesterday.,i will talk to your father about that.
"only about $30,000.","without the food stains, it would probably be worth more."
that's exactly how i felt.,"i got the movie when it came out on dvd, do you want to come over?"
Didn't you drive in your country ?,"Yes, but I have to brush up on my driving."
why do you have to think about it?,because a puppy costs money.
"the weather in california is unpredictable, so you never know.",that is true. the weather is constantly changing.
what do you listen to?,mostly talk radio.
a tutor helped me get the d!,"so, you didn't become a doctor."
now a stamp is 42 cents.,but in may it will be 44 cents.
"yes, i did.",and?
hopefully it will.,how come?
i may know which girl you're talking about.,so you have seen her around?
why not?,"number one, it's too slow."
The doctors told you he would be alright?,"Yes,but they need to keep him for further tests."
my girlfriend and i sit outside starbucks.,that sounds like a good spot.
what kind?,a ham sandwich.
some private organization.,why did they invite him?
doesn't that get old?,"no, because i'm eating food that i like."
even though they're in black and white.,a good story is more important than color.
What is your good name?,My name is bot
I would like to see my counselor now.,"Sorry,she doesn't have any time today."
i was meaning to ask you if you saw the basketball game on friday.,"i wanted to go, but i couldn't."
buy a new one.,i would if i had the money.
she's cute.,"okay, so she's not ugly; she's just fat."
How may I help you?,My window that faces the empty lot is broken.
i love you.,"i love you, too."
"he can, but the people around him can't.",how can he still be alive?
shakespeare was a poet.,did he get rich from his poetry?
"i am happy, but marriage is a lot of responsibility.","yes, you have to take care of your wife."
no. that's incomplete.,what do you mean?
i will as soon as i finish this article.,what are you reading?
i loved it!,did you get free food?
tell me how she looks.,she's kind of short.
thank you.,you shouldn't lie in the sun for too long.
i'll talk to you later.,see you soon.
i couldn't keep from laughing throughout the whole movie.,i was laughing hysterically the whole time; my stomach muscles hurt afterwards.
"no, it's too close to the kitchen door.",how about this table?
i go to pasadena city college.,do you like it?
doing what?,i'm going to dinner with my family.
"so, they do a good job for the money.","yes, they do."
That is crazy!I could never do that.,You should.It is great for the environment.
i'm going to be a teacher.,high school or middle school?
but a house is so expensive.,that's why we need to save money.
What a funny name!,I like it!
i'm serious. you deserved this promotion.,is that what you really think?
what's the weather going to be like this weekend?,"i don't know. whenever the weather comes on, i switch channels."
"oh, no. i forgot.","well, you'd better take it out front."
what do you mean?,our monthly payments will be too high.
pasta is processed food. potatoes are natural food.,natural food has more vitamins.
what are you going to do with them?,i'm going to give them away. do you want one?
You should go to a vocational school instead.,I don't think you understand.
i wish it would cool off one day.,"that's how i feel, i want winter to come soon."
did you see that car?,"yes, he went through the red light."
"oh, look. here's another shirt just like it.",does it have a price tag?
that must be nice.,teaching is the best part of my whole day.
You can join the honors program!,"I did,and it wasn't challenging either."
i love your outfit right now.,"well, i think you look nice today too."
i got them for forty.,i think i might go and find me my own pair of chucks.
because i love the snow.,"yes, the snow is fun."
"yes, it is. but it still looks good.",do you take good care of it?
"she got an ""everything"" job!",what do you mean?
i was sick.,how were you sick?
so do i.,the world needs more polite people like us.
i really want to go to the movies this weekend.,so go then.
"so do i, but i'm worried.",me too. there are no guarantees.
I'll help you.,Thank you.I appreciate it
How are you doing today?,I am fine
i'm glad sunday is only once a week.,i hope god didn't hear that.
what's the matter with the produce?,do you think the bananas fell from the sky?
last year we made a big snowman.,how big was it?
this is a great neighborhood.,"yes, it is."
"Sheis tall,thin,and wears glasses.",What is it with you and girls with glasses?
what's stopping you then?,i don't want to go alone.
"no, it's too close to the front door.",this looks like a nice table.
Does today at 6 p.m. sound okay to you?,I have no problem with 6 p.m.
i like the kinds of instruments that they use.,i think that's an excellent reason to like something.
hold your breath till we get there.,"okay, my seatbelt is on."
yikes! who can remember all that?,you need to get a lot of lessons when you're really young.
of course it does.,"without gravity, the water would go up."
is that right? this is a brand new outfit.,what store did you get it from?
you mean like tiger?,"no, like a good amateur golfer."
"she raised you, and all you ever give her is a card?",it's okay. she knows that i love her.
"we're hiking to lose weight, not to see goats and bears.",i bet i've lost a couple of pounds already.
"Yeah,actually a lot of them are.",How does she act? 
we won't have any money for other things?,"no, we won't have money for gas or food."
May I get you some water or coffee?,"Sure, thank you."
anything else?,yes. it's not expensive!
so what did he tell you to do?,he said i need to think positive.
"but the title of measure 1 is ""better schools at no cost.""","the title should be ""better schools at huge cost."""
when are you going?,during the christmas holidays.
"Excuse me,Can I borrow your fabric softener?","Of course,take as much as you need."
sort of. she knows whenever i sneak a cigarette.,you don't need a good nose for thatÃ‚â€”cigarettes stink.
What should we wear?,Any dress
"it sure is, but i'm going to call hp first, just to make sure.",will you lose all your files?
"do you mean on measures 1, 2, and 3?","yes. the ones that will improve our schools, roads, and hospitals."
will you look at this form?,are you having problems with it?
did you make it to school today?,i always do. did you go to school today?
"if i owned a restaurant, i would never serve hot bread before the main course.",that's terrible. i would never go to your restaurant.
Here you go.,Thank you very much.
then wait till you find a tissue.,i couldn't wait. it was an emergency.
"that's just the altitude change, i think.","whatever it is, it hurts."
"criminals, of course.","anyway, i have to fix the hole."
i wouldn't do that.,why not?
what happened?,i don't know.
but girls like guys who are funny.,maybe we should learn some good jokes.
it's in a great neighborhood.,it's close to the beach.
there is no crime here.,i wish i could move here.
Why do you say that?,You're old enough to cook dinner.
his doctor says his heart and lungs are strong and healthy.,maybe i should start smoking.
what did you do at night?,at night i went out to eat. the food was delicious.
i had the worst date the other night.,what happened?
could I change my major from biology to political science?,Those majors are very different from each other.
I can't remove the hold even if you pay the overdue fee.,Is it a technical error?
the house burned down.,what happened?
when do you have to be at the airport?,i have to be there two hours early.
what are you talking about?,sunday is mother's day.
Would you like to ask any questions?,I need to know about the fees.
why do you want to move there?,because i want to make a lot of money.
Heard itis supposed to rain.,Where did you hear that from?
What do you mean?,"I mean, it's just coffee."
Want to go to the writing workshop with me today?,"Nah man,my writing skills is tight."
All this practice is finally paying off.,"Yes,it is.I can't believe it!"
maybe in your next life you'll have blue eyes.,but what if i'm a fish in my next life?
"Okay,what else are you thinking about?",I want to live close to home.
"oh, yeah.",put on a coat and tie.
why not?,she would laugh at me.
but bush visited some of them in the hospital once.,that's nice that he found the time to make a visit.
you can't see the end of it.,it goes on and on forever.
do your students ever talk about their jobs?,"yes, and they ask me what jobs are the best."
it looks like it may rain soon.,"yes, and i hope that it does."
i didn't even have lunch.,neither did i.
he will be a great president.,everyone likes him.
that will cost him some money.,"yes, about $7 million."
of course i will.,i just wanted to let you know what happened.
my shoes are shined.,do your socks match?
What is the color of car?,The color of car is blue
we watch people walk by with their dogs.,i guess you see lots of different dogs.
What makes you say that?,You're smart and likeable.Don't worry.
That's perfect.,I know it is.
of course you are. you ate everything on the table.,i don't like to eat leftovers.
i told her that school is fun.,did you put the letter in an envelope?
thank you. that's polite of you to ask.,some people would just pick it up.
i need pencils.,anything else?
it was the best game ever.,so tell me the final score.
you shouldn't make him wait.,i was doing my homework.
what should our flag look like?,it should have a pretty woman on it.
I have never used an ATM before.,I can show you how to use it.
"yes, you don't want to travel in winter storms.",and i want to get a big cabin with a view.
What do they do then?,"They just talk about tennis.They never even touched a racket,though."
you rolled through that stop sign back there.,but i stopped!
you have to change their diapers.,i have to feed them.
i've also been busy.,tell me what you've been doing.
"well regardless, i'm very happy that you came to see me.",i am too.
me too.,i usually eat a simple salad.
why did you do that?,i mixed them together.
How can I help you?,I want to open another account.
How much does it cost?,This costs $56
i don't know.,when did you lose it?
so it's better to save money than to have an honest election?,"well, the democratic party says it was an honest election."
Where did you get it?,I got it at a store at the mall.
You will have so much fun.,I hope so.
What's the weather like in Russia now?,"Freezing cold, and snowing."
but we just got here.,did you see the waiter's hands?
what was wrong with you?,my stomach was upset.
what are you talking about?,you know what i'm talking about.
Are you depositing cash or a check?,I want to deposit cash.
Do you have a meeting this morning?,"Yes, I do. "
i don't know.,would you like to see a movie with me and my friend?
see you soon.,goodbye.
why do you say that?,the sky is gray.
did you shine your shoes?,my shoes are shined.
are you going to be buried next to each other?,"oh, no. our ashes will be shaken into the ocean."
i would if i could find someone who makes strong pockets.,try a google search online.
"Certainly, here you are.",Thank you. What's today's special?
what did your father do?,he moved out of our house.
what tires?,the tires on the cars.
really?,his nails were black!
you're funny.,what did you say? i think i've gone deaf.
it was a great game.,what was the score at the end of the game?
How are you?,I'm fine thanks.How about you?
okay. i'll feed him right now.,you shouldn't make him wait.
do you think anyone will come to my funeral?,of course.
did you do the laundry?,"yes, i did."
shake it a couple of times.,i shook it. there is no more ink.
when i need something.,like what?
It has been really nice talking to you.,Yes. It was a great pleasure meeting you.
"so, i'll just buy another one.",you can wear this one around the house.
like what?,"like keep your left arm straight, keep your head down, and follow through."
What grade is she going to teach?,She will teach kindergarten.
what's up?,"nothing much, what's going on?"
so how do you think positive?,i think about nice things.
then it will look like new,and you save $10.
the invitation says it starts at 8:00 p.m.,has she given out a lot of invitations yet?
don't order for me. i'm not hungry.,"i'm very hungry. i'll order for you, and then i'll eat yours."
a couple of dictionaries and some textbooks.,are you crazy?
the sky looks so clean after it rains. i love it.,i understand. rain does make it smell cleaner.
not me. i want to play for the dodgers.,we have to practice every day.
What library do you suggest?,I suggest the one near my house.
uh-oh. that means that she's fat and ugly.,she's cute.
Do you have any clue who might have done this?,I have a feeling that it might have been the neighborhood kids.
did you find a spot?,"i found a spot, but someone cut in and took it from me."
you would float into the sky like a balloon.,that would be fun!
it was love at first sight?,"yes, it was love at first sight."
You read his recommendation letter?,Yeah.I couldn't resist.
"yeah, so are you planning on going?",i think so. it sounds like it's going to be a lot of fun.
"but we need new taxes to pay for highways, schools, and prisons.",we've already voted for new taxes to pay for all that stuff!
"i will chop your toes off, one by one.","honey, please. you're the only woman for me, forever. i swear it."
what did you have for breakfast?,"the usual, cereal with milk and a banana."
yes. it's on every afternoon.,what's so good about it?
"everybody loved him, all over the nation.",he helped make the yankees the best team ever.
"I have a hold on my record, because my library books were overdue.",Can't you just pay the overdue fees?
only 11 percent?,about 50 percent of the time he's traveling.
have you told her?,of course not.
what's wrong with looking pale?,people think you might be sick.
i haven't heard anything about it.,can you make it?
which one?,"""deal or no deal"""
my friend got a ticket for doing 75.,your friend was unlucky.
I'm usually busy.Whatis up?,I wanted to see if you were down to kick it.
maybe it's something in your diet.,"no, i eat the same things day after day."
How are you doing?,I am fine
so am i.,i had a long day.
"that would ruin things, i want to go so badly.","the weather in california is unpredictable, so you never know."
doesn't crime cost more than police?,"yes, it does."
Are there any sandwiches?,"No, there aren't any sandwiches left."
Would you also like to open a savings account?,That's fine.
how could that be?,"well, you can't play baseball in a rainstorm."
i've been great. what about you?,i've been good. i'm in school right now.
people need to cover their trash cans.,the police need to shoot all the bears.
What am I going to do since I haven't received the bill?,"If you haven't gotten it yet, then you should probably take that up with your post office."
I like to run around the bases.,I like to slide into the bases.
who's the greatest baseball player?,there are so many great players.
What do they say?,They say they want change.
i'm throwing a party on friday.,i didn't realize that.
Do I need to bring anything?,No.
You won't.You look stupid using incorrect grammar.,Fine.How long is the workshop?
you can sew it up or use an iron-on patch.,tell me about this patch.
except we can't afford it!,no wonder you're worried.
"Of course, the cheese with holes in it.",I never used to buy Swiss cheese.
"You have taken a lot of snaps, haven't you?",Yes. Here are the photographs.
"yes, but a puppy needs shots.",shots for what?
My classroom number is A21.,So the A is the building type.
everyone likes him.,he's a good speaker.
what do you do?,i'm a babysitter.
i enjoyed talking to you too.,we should hang out some time.
how do you know that?,i read a lot.
Are you looking for something?,I'm researching for my project.
it was nice talking to you too.,we should really hang out again.
I have a class at 7 a.m.,That is tough!My earliest class is at 9 a.m.
What do you think about this book?,I think the book is very interesting.
can I check out more than one?,Of course!It would be crazy if you could only get one book.
did you put the blue bin out on the street?,"oh, no. i forgot."
how smart are you?,i don't know. i think i'm average.
"i know what you mean, i can't wait until it's winter.",winter is great. i wish it didn't get so cold sometimes though.
the cat doesn't care about anything.,that's the way cats are.
he went to las vegas. he lost it all gambling.,i hope your mom broke up with him.
paper is flying everywhere.,this wind is dangerous for drivers.
another good deal.,but the best deal was five pounds of potatoes for 99 cents.
i didn't do anything.,"oh yes, you did."
What can I do for you?,Something happened to my window. It's broken.
do you pray to god?,occasionally.
i don't park at a store that uses metal shopping carts.,"that's a good idea, but there was a good sale at this store."
why did she leave you?,she said she didn't love me anymore.
"yes, but the red hand was blinking.",so? that's a ticket?
it shouldn't take him long to fix it.,i don't even know why we need to fix it.
your chances are very small.,but you can't win if you don't play.
i want to get a puppy for my son.,that will make him so happy.
when did you get divorced?,i got divorced two years ago.
why feel sorry for rich people?,i feel sorry for anyone who loses their home.
did he say what time?,yes. he said he'd be here at 9 o'clock.
that's disgusting.,and he poured water into our glasses.
where is pasadena?,it's in california.
look in the fridge.,i'm looking. there's nothing to eat.
you didn't read about the company first?,i didn't have to. it's been in business for 60 years.
i'd rather not.,why not?
he never wins your money?,"nope, and it drives him crazy."
that was nice of you.,"she asked me how she could return the favor, so i asked her out."
i think i know who you're talking about.,have you seen her?
What is your feeling?,I am feeling great
who knows? but there must be a hundred new ones every day.,"yes, just in english alone."
they like guys with new cars.,i don't have money or a new car.
Can you come back tomorrow?Your daily computer limit time is up.,I don't have a computer at home.
maybe it's the wrong tree.,"no, this is the tree."
a little cigarette controls them.,they look so stupid taking a puff.
"yes, we need a relaxed president who thinks clearly.",do any other world leaders have a basketball court?
so how have you been lately?,i've actually been pretty good. you?
i have to walk the dog.,what kind of dog do you have?
no. the teacher doesn't permit calculators.,how about a dictionary?
yes. that's why it's also the best hamburger in town.,a great burger and great service.
of course. he stops the fastest cars.,my friend got a ticket for doing 75.
okay. i did something.,what did you do?
give me a hug.,i'm not in the mood.
but that's what pockets are for.,you should carry them in a purse.
i'm not in the mood.,what's the matter?
how long did it take?,it took us all day.
because you're thinking too much.,so i should stop thinking?
Can I ask you a few personal questions?,Certainly. 
College is so boring.All I do is go to class.,You should join some clubs.
"yeah, but i'm still waiting for my invitation.",oh really? she gave me mine earlier today.
why did you get divorced?,my wife left me.
Is the library open on Saturdays?,Yes.
excuse me.,yes?
What building is it in?,It's in the C building.
especially on toast.,"and the pickles were great, too."
Did you dry everything in the dryer?,"Yes, I dried everything in the dryer."
"when i have time, i sometimes draw and paint.","oh, you actually do that?"
"yes, he's 6 feet tall, 200 pounds, black hair, and about 30 years old.",what race is he?
i can't wait till i grow up.,what will you do?
that was a long time ago.,it was before i was born.
what's your mailing address?,"456 cherry drive, pasadena, ca 91170."
look at these marks on my arms.,what are they?
and then i made lunch.,i'll bet you were hungry!
yes. i still can't believe our city council allowed this building.,they're probably getting something under the table.
you must be joking.,"no, i'm serious."
What is your account number?,"I don't have my account number with me,but my phone number is 310-865-9274."
i was writing a letter.,who were you writing to?
i can't wait until i graduate.,me too.
"good afternoon, officer.","your driver's license and registration, please."
yes.,is it beautiful?
i got a dent in the parking lot.,how did you get it?
"you think so, how come?","well, superbad is super funny."
"no, my hard drive is easy to remove and replace.",really?
have you heard the news?,i haven't heard anything.
then why did the lifeguard dive into the water?,i think he wanted to cool off.
how about this table?,"no, it's too close to the front door."
your day was just like mine.,of course it was. we work together!
"yes, he made the home run popular.","everybody loved him, all over the nation."
why?,because you don't want to smell bad.
he's a famous artist.,he drew two butterflies and a flower on a napkin in a restaurant.
What should I think about in choosing services?,There are websites that will figure out what coverage is right for you.
what did you say to her?,"i had two pineapples in my cart, and she asked where i had found them."
or we can go to the ocean.,let's go to the lake.
did you go to the 99 cents store?,"yes, i did."
let me help you.,"what does ""mi"" mean?"
that sounds like a dream job.,"it was, until one day my manager caught me."
that means it will get hotter.,i am dying from the heat.
i like the different instruments that they use.,that's a good reason to like something.
I want sheets without stains on them.,"From now on, let's bring our own sheets."
what's the matter with green eyes?,"nothing, except my favorite color is blue."
were you jaywalking?,"no, i was in the crosswalk."
"Okay,but I only have enough for three beers.",It is fine.I'll pay for the rest
what's happening?,"not a lot, what about you?"
what's going on with you?,fine. what's going on with you?
that must have made you feel really special.,"oh, it did. there were about 300 people there to honor us."
i've called you a hundred times today.,i was busy doing something. i apologize.
How about going to see a movie?,That sounds like a good idea. 
"no, a real breakfast.",bacon and eggs?
of course. what else?,"we need cheese, bread, and ham."
"every time we eat out, it's an adventure.","last time, we got seats next to the kitchen."
"yes, it will only take about 30 minutes.",okay. teach me how to play.
my stomach was upset.,do you feel better now?
"okay, i'll get a bucket.",i'll rinse the car first.
that will make him so happy.,i'll get him one of those little dogs.
can't you report him to his supervisor?,"of course not. if i do that, i'll lose my job."
but that's what most people do.,"yes, i guess most of us are stuck in a routine."
of course not.,why not?
what's so hard about golf?,there are so many things you have to do right.
Do you know which bus I can take to PCC?,Tell me where you need to get on at.
What do you like doing in your spare time?,I like hanging out downtown with my friends.
people today don't like that.,"no, today people like lots of action."
there's no food in the woods.,can't they eat grass?
the ocean is so big.,you can't see the end of it.
"so then, why don't you just go?",i don't want to see a movie by myself.
i wish my eyes were blue.,what's the matter with green eyes?
what's this stain?,i don't know.
Did you put the tape there?,"No,it was there before."
because i watch the other players.,what do you mean?
maybe you should use an electric shaver.,"they make a lot of noise, but they don't give a close shave."
can you fix a dripping faucet in a kitchen sink?,of course.
you met a girl at the supermarket?,she was standing behind me in a really slow line at the checkout counter.
what did you do?,i got out of my car.
i would love to catch a movie this weekend.,"so then, why don't you just go?"
i can't believe we haven't seen any animals.,thank goodness! i don't want to see any wild animals.
our tv remote is filthy.,"yes, it's covered with crud."
is it going to be perfect beach weather?,i believe so.
How can I help you?,I was hoping that the apartment on Main Street was still available.
"Saddest thing ever,right?",Yes.You know what?Take a week off school.
"i'm sure i'll like it, too.",you should try riding a mule on a trail to the bottom.
i wish it was a nicer day today.,that is true. i hope it doesn't rain.
"if more people donate money, pbs could offer new shows.",who wants to donate? public tv should be free.
What's that?,People talk about current events.
"well, it's your life.",you eat too much chocolate.
you should wet your shirt immediately.,why?
i haven't heard anything.,"my boss offered me a promotion, and i took it."
then he didn't bother to apologize.,that's rude.
i turned up the volume.,"that's not what i meant by ""do something."""
will you go and visit them?,of course i will.
"okay, let's go see a movie.",until then.
winter is great. i wish it didn't get so cold sometimes though.,i would rather deal with the winter than the summer.
how much is that?,"that's about $30,000."
"yes, i did.",did you tell her about school?
Put yourself in my shoes.,"I have been a student once,and I think my policy is fair."
i'll put a glove in each pocket.,we'll get warmer as we walk.
it isn't easy to see.,but it's real easy to slip on.
It is called How to Write Well.,"Dude, someone is selling that book for $30."
you didn't?,nobody has told me anything about your party.
What is for dinner?,I should be asking you that.
would you like to go to dinner or something?,"yeah, let's do that."
maybe we should honk the horn next time.,the driver will just honk back at us.
i was unable to make it.,you should have been there. it was intense.
That is true.What do you do for fun then?,There is a lot of stuff to do around campus.
why not?,because you'll have an accident. most accidents are because people are in a hurry.
you know i don't like crowds.,let's go to an early movie.
is that a tv show?,yes. it's on every afternoon.
"no, the white walk sign was blinking.",you should fight that ticket. i'll be your witness.
You might want to buy a pair.,I'll wait until I wear this pair out
are you ready?,ready for what?
Hello darling!Did you have a good day today?,It was okay.
you do? i just bought this outfit a couple days ago.,"seriously, it looks really nice on you. where did you buy it from?"
i've been pretty busy myself.,so what have you been up to?
i can't read my book.,turn on the light.
no pets are allowed.,perfect. we don't have to listen to barking dogs.
i didn't hear anything about it.,can you go?
Do you know how to get there?,yes i know
i would if i had the money.,"well, i guess you have to live with it."
it was before i was born.,now a stamp is 42 cents.
i've got a date for you.,"oh, really?"
sunday is mother's day.,this sunday?
"that's right, it really would be.",i want it to cool down some.
The library will be closing at six.,Does it close at six every day?
i think i'm going to explode.,just hold on.
"yes, i've passed all my tests.",do you ever pray for money?
what did they say?,they said i need a new hard drive.
"no, i haven't.",i got a promotion at my job.
i hope so. i have to go to the bathroom.,"well, i can always pull over."
what are you going to do with an english major?,i'm going to be a teacher.
i'm still feeling a little sick.,"i'm going to the store, would you like any pepto bismol?"
did he speak to every family that lost a soldier?,"no, he didn't have time to do that."
it's not bad. there are a lot of people there.,good luck with that.
i washed the sheets and towels.,what about the pillowcases?
i have to clean the house.,"yes, it's very dirty."
he might want to cut you open.,he might say i'm okay.
These puppies are truly worth it.,I wouldn't lose a single minute with them
i hate looking for an apartment.,"me, too."
What are you talking about? I was sick yesterday.,I don't care.
you don't like pretty women?,of course i do. but not on our flag!
Great!I'm just glad we're not eating dining hall food.,Me too.Let us go!
i guess he really liked his new girlfriend.,"yes, but she left him a year later."
how can he do that?,"when he is almost finished with one cigarette, he uses it to light another."
What do you do for a living?,I work.
that sounds like fun.,do you think you can come?
there were more votes than voters!,but that's impossible.
please?,you know the rules.
"we can give him five more minutes, and then leave.",i'll go up front and talk to the manager.
Should this party be formal or casual?,I think it should be casual.
"all it takes is will power, and you have it.",then why can't i quit?
"i really don't know, but i don't think she gave out that many yet.","i really want to go, so i hope that she gives me my invite soon."
doctors are too expensive.,he might tell me to rest for a while.
i hate homework.,are you going to college?
did you double-check your nose and teeth?,"they are clean, too."
What did you do at night?,At night I went out to eat. The food was delicious.
i'd better see you there.,all right. i'll see you next time.
what do you need to do?,i need to withdraw some money.
Great. Which one?,That one. A group of eight just sat down at it.
What would you like to eat?,"I'd like a burger, chips and soda."
i switched from pasta to potatoes.,why did you do that?
What is your name?,bot
tv news is so stupid.,they shouldn't even call it news.
i think that i might.,good! i just thought i'd let you know.
you're crazy.,then the waiter will give you a big smile as he brings you the new steak.
"No, I always back up my files.",You're smart.
"yes, it is.",it looks like it may rain soon.
i'm so full i'm going to burst.,you should loosen your belt.
i mixed them together.,"if the coffee still tastes okay, that's a good idea."
What can I do for you?,I would like to cancel a check.
that is a beautiful house.,i don't like it.
"i read it once, and i subscribed.",it gives you all the news.
you don't need to worry about that.,that was mean to say.
all i get is a black screen.,what's the matter?
Where do you want to meet?,Let's meet at Summer Pizza House. 
What kind of favor?,Can you write a recommendation letter for me?
so has everyone else.,nothing seems to work.
Have you been under a lot of stress lately?,"I just lost my job, and I am unsure about being able to find another one."
"i understand, i guess.",sorry about that.
he shouldn't scuba dive until he retires.,but he dives to relax.
of course. did you?,"i didn't want to, so i didn't."
Did this come on suddenly?,It started yesterday.
people take care of their lawns.,no rusty old cars are sitting in the front yards.
i don't want to date a blind woman.,a blind date doesn't mean that she is blind!
"whatever the cause, i hate seeing them on my face.","well, on the bright side, they're fun to pop."
they're best when they're hot.,my brother is allergic to peanuts.
"no, please tell me.",someone punched out someone.
What does that mean?,The UCs will randomly select 10% of their applicants to provide proof of their extracurriculars. 
of course you can.,i don't have enough will power.
obama's got four years to make everyone happy.,he's never going to make everyone happy.
you're supposed to stay home all day.,that's what i do.
I'll go today.,Make sure you get a good seat.
they need a left-turn arrow.,only two cars can make a left turn every three or four minutes.
i guess so.,god bless modern medicine.
what's going on?,nothing really. how about you?
i think he is from outer space.,no human could possibly play golf that well.
i'm upset with my mom.,why is that?
that's what i'm going to do.,are you going to wash it yourself?
we need to save money.,why do we need to save money?
i love baseball.,so do i.
no. movie stars give him money to give to homeless people.,how much money does he give away?
"i mean, are you going to get buried or cremated?",my wife and i will be cremated.
"that was a great trip to washington, d.c.","tell me about it, dad."
everybody loves pizza.,so why can't i have pizza for dinner?
"against all of them, of course.","but we need new taxes to pay for highways, schools, and prisons."
"i would really appreciate that, thanks.",it's no trouble at all.
they say they want change.,what kind of change?
they say that we are funny-looking.,ha! we're not funny-looking; animals are funny-looking.
how are you going to do that?,i'll just use the atm.
this steak has too much fat.,what do you want the waiter to do?
How are you feeling?,I am feeling exited
who ever heard of such a thing?,"oh, look. here's the little sticker that was on it. it's called a pink navel."
But there is only one space left.,That is terrible
not that i've noticed.,"well, maybe it's from the pollution in the air."
what will you do?,i will play the radio as loud as i want.
Where do they sell both at?,They sell pizza and burgers at the cafeteria.
"Well,you don't really have a choice at this point",Why is the printer line so long?
"well, he's made a few changes.",like what?
Going to do a little shopping?,"Yeah, I have to buy some presents for my parents."
we'd better get ready to go.,it's an upstairs unit.
i have to go shopping today.,you'd better take an umbrella.
babies cry all the time.,you have to change their diapers.
"yeah, especially since it's ninety degrees outside.","i know, it would be horrible if it rained and it was hot outside."
what happened before?,my hard drive crashed.
no. look at the bill when we get it. there's no charge for the bread.,"it is delicious, especially with butter."
"i'll give you a speech like that, too.",do you think anyone will come to my funeral?
"Hello,is this the Smith residence?",David!Clean your room.It is filthy!
i would've thought that somebody would have told you.,"no, i had no idea."
have you heard something that you're not telling me?,what do you mean?
so go then.,i really don't want to go by myself.
plus installation?,"no, my hard drive is easy to remove and replace."
When do you need another recommendation letter by?,I need one by this Friday.
What did he write?,Just that I'm a diligent student who does well.
"what does she look like, though?",she has pretty light brown eyes.
How are you doing?,I am doing fine
why not? everyone knows he's a firebug. he loves to start fires.,i don't know. sometimes the law doesn't make sense.
"never better, thanks.",so how have you been lately?
Do you need any directions?,"No, thanks. I already drove by to see what the neighborhood looks like."
i don't understand.,"if you pour water into a glass, the water goes down into the glass."
three packs of what?,"cigarettes, of course."
i need a job.,what was your last job?
i know that.,so why are you arguing with me? don't lie in the sun too long!
i think that it's going to rain.,i hope that it does rain.
occasionally.,when's that?
i'll try.,check your tires or you'll get a flat.
"hello, may i speak to alice please?",this is she. how's it going?
Did you gain any weight?,"Yeah,I just wear big clothes to hide my fat."
"that's true. a cemetery is for dead people, not living people.",we figure our kids can visit us whenever they go to the beach.
You can check out educational videos for free.,This is bogus.
a ham sandwich.,the bread is in the cabinet.
What did you do?,I watered all the plants.
i'm glad to hear there's something you don't like to eat.,i like my food hot and fresh.
this sunday?,of course. it's all over the news.
"But how about the time?I mean, applying is a lot of work.",College applications ask similar questions.
i'm watching you.,i'm an open book. watch me all you want.
you're yawning.,i sure am.
"it's not too much, only about $85.",plus installation?
What's for dinner tonight?,I'm not making anything.
Where did you go to have the picnic?,"It was Nandan Park, the biggest amusement park in Bangladesh."
i eat the same thing every day.,you're kidding.
where does cheese come from?,it comes from cows.
yes. he's telling jokes about his eight years as president.,"yes, those eight years were a lot of fun for everyone."
that sucks. did you want the assignments from english class?,"that would be nice, thank you."
last night they told us about a cat in a sofa.,yesterday they told us about a dog in a pipe.
no way! i don't want to fall to my death.,don't worry. only one person has ever fallen off a mule.
"yes. nothing's perfect, not even in heaven.","boy, that's a tough one."
because you don't want to smell bad.,i don't smell bad.
my husband died.,i'm sorry for you.
"i mean, it's just coffee.",i figured that.
"and when elected, they go their own way.",they forget who put them in power.
Have you ever tried doing relaxation exercises before you go to bed?,"I haven't ever tried that, but it sounds like a good idea."
But I don't even need it!,It is been like this for ages.
three pounds just this month.,do you know why?
are you going to be there?,i don't think so.
Do you already have an account with us?,I have another savings account open already.
"no, thanks, maybe another time.","okay, sounds good."
no human could possibly play golf that well.,"whenever he needs a shot to win a tournament, he makes that shot."
That's convenient.,Absolutely.
i'll talk to you later.,what's the rush?
it only took about two hours.,did you take pictures at the world war ii monument?
what movie are you going to see?,i'm not sure yet. is there something you want to see?
that's a lot of money.,but the house is so nice.
just ask her out to dinner.,and then what?
he apologized to the fans.,the league suspended him for 50 games.
"Alright then,let us get going.",This is going to take forever.
it's the best job i've ever had.,what makes it so good?
I'm planning to teach English in underprivileged countries.,That is really kind of you.
did the cat bite you?,no. the bedbugs in that mattress bit me.
i don't know.,it looks like blood.
"Fine,I'll give you a $1.",You won't regret it!The book is really good.
Hi Steve. What are you doing here?,I'm meeting a friend here for dinner. 
Baseball is fun.,I like to hit the ball.
and there was no violence.,people today don't like that.
i don't know how that store makes money.,"neither do i, but they're doing something right."
i first learned how to do it in high school.,did you take some sort of art class or something?
May I do anything else for you?,I would also like to check out these books.
that's what many people believe.,"if we are bad, we will be unhappy forever in hell."
is it almost impossible to be rich and successful without a college degree?,Look at Steve Jobs!He dropped out of college.
to the grand canyon?,yes. i've never been there.
someone who slips could hurt their back.,they could even crack their head open.
will you lose all your files?,"no, i always back up my files."
i would never want to be president.,but think about all the power you'd have.
"i sent them $20 using my credit card, but they never sent me the solution.",what are you going to do?
is it new?,it was new in 2003.
Did you do the laundry?,"Yes, I did."
it's the law. they can't keep him in jail forever.,why not? everyone knows he's a firebug. he loves to start fires.
how do you know?,the tv news is reporting a bank robbery.
and there are only six units in the whole building.,where's the checkbook? i'm ready to rent it without even seeing it.
only 15 percent of the voters turned out.,that is a joke.
where did you park it?,i parked it right here.
"well, he can enjoy it while it lasts.",i don't think he even got paid for it.
yes?,see those stains?
get better.,thanks a lot.
What did you enjoy there?,I enjoyed 10 rides only.
"no, it's a taste you have to get used to.",sort of like beer.
tell me about it.,a gardening show follows a knitting show.
"it hurts, too.",paper cuts can hurt a lot.
all the radios will be on extra loud.,your neighbors will hate you.
"I dropped my wallet,and didn't notice,She took it to me.","Well,ask her out tomorrow,or somebody will."
really?,yes. you really deserved this.
so why are we selling our house?,they're building a 3-story apartment building on the corner.
tiger is the greatest golfer in the world.,you can say that again.
you have no idea how happy i am for you.,for real?
is it beautiful?,it's just black ink on a white napkin. and the napkin has food stains!
maybe i left the burner on.,"no, you didn't. i checked the stove before we left."
or artists.,they're in a different world.
but think about all the power you'd have.,i prefer my quiet little life to all the power in the world.
do you take good care of it?,"oh, yes. i wash it once a week."
why would i date someone i don't even know?,to try something new and exciting.
We should get to know each other.,I don't think so.I like keeping to myself.
it was tomato soup.,that tasted so good.
i wish i had a good nose. mine is way too big.,i don't mean good-looking. i mean good-smelling.
i know. i had to chase you for a while.,"yes, you chased me and then you caught me."
then why does everyone lock their doors?,i guess they haven't read this article.
i didn't know you had a gun.,everyone in america should have a gun.
was he smoking?,"yes, he was smoking a cigarette."
there are so many great players.,"yes, but who is the greatest?"
i don't like that man.,why not?
i'm going to take five wipes.,what do you need five of them for?
Do you really not have 20 cents?,"I do,but I'm really cheap."
forget it. go straight.,then what?
"basically, i've been working too.","well whatever, i'm glad you came."
don't be ridiculous.,what do you mean?
how long have you known how to do that?,i first learned how to do it in high school.
"no, i haven't. why?",i really want to go to the movies this weekend.
no one would hire you to flip hamburgers.,have you heard something that you're not telling me?
What do you do there?,"Everyone does different things,I organize events."
yelling doesn't do any good.,no. the best thing to do is just stay home.
when are we going to stop?,we'll stop at the next mcdonald's.
"i'll bet he was drinking, too.",the victim hit his head on the concrete steps and died.
"Good luck,You'll be waiting here for a long time.",I bet the ink and paper will go out.
"yes, the workers are very polite.",and they're clean.
and it's a corner unit.,that's great. we won't have neighbors on both sides of us.
"There is a lot,so it is all about picking what suits your needs.","For starters,I would like a university in a safe area."
"yes, a thrift shop has that same smell.","yes, an old smell."
i especially love the night air when it rains.,really? why?
Great!You're so helpful.,It is my job to be helpful.
Is that all I can do for you today?,I won't be needing anything else.
what was your last job?,i was a painter.
let's go to your home.,we can watch my dvd.
You should come with me.Our college has great workshops.,I don't want to look stupid.
what are you going to do?,i sent them an email asking for my money back.
"yes, i am really excited.",that's great. congratulations.
Which ones are you applying to?,"CSULA,UC Irvine,Yale."
will you be able to make it?,i'm busy this friday. i'm sorry.
This is so stressful.,I advise writing a letter to the dean.
i've really been working a lot lately.,i've been pretty busy myself.
"in the middle of the summer, it shouldn't be raining.",that wouldn't seem right.
"you should have, but have you seen any movies lately?",that was an odd change of subject.
What kind of car insurance do you have?,I went with the Automobile Club.
How may I help you?,I need to make a deposit.
eight.,they're all so cute.
Is it for a school project?,"Yes,I'm doing an essay on the life of a tiger."
that's true. it is a very funny movie.,you've seen it before? 
i'm going to the bank.,what do you need to do?
it's an upstairs unit.,"that's good, because i don't want to live under people with loud feet."
so we have to be at the airport at 10:15.,that means we have to leave the house at 9:15.
your daddy was a good little boy.,"how do you know? were you his mommy, too?"
the one that stole a small plane?,"yes, he stole a plane in canada and flew into the u.s."
"also, i bought a can of cheap coffee and a bag of good coffee.",why did you do that?
i can't believe how hot it is.,it's not even noon yet.
How are you today?,Very well.
I can cancel it for you right now.,Thank you so much.
How much?,I want to transfer $200.
i shook it. there is no more ink.,you can borrow mine.
and he's really smart.,he will solve our problems.
i'm a good card player.,why is that?
i like this hotel.,what do you like about it?
but i need something that's reliable.,you need a car with low mileage.
you still miss him.,"yes, but i talk to him almost every day."
i don't mean good-looking. i mean good-smelling.,oh. but that can be a curse.
What do you want to eat for breakfast?,All I usually have is some python codes for breakfast.
it's not orange!,your orange isn't orange?
you have any ideas as to what you want to do this weekend?,i'm going to the movie theater with my friend. what are you going to do?
"i'm a man, and men don't carry purses!","well, you should buy pants with stronger pockets."
i really don't want to go by myself.,"well anyway, do you plan on going to school tomorrow?"
i'd rather be cold than hot.,me too.
"tell me about it, dad.",about 90 of us world war ii veterans got on the plane at 8 a.m.
people say that everybody loves obama.,"well, more than 50 million people voted for mccain."
tomorrow i'm going to buy an electric sharpener.,get one with the rubber suction cups on the bottom.
i heard that it's going to be warm this weekend.,is it going to be perfect beach weather?
is he a rare case?,Watch me prove you wrong.
"so do i, like ""she loves you.""","""she loves you, yeah, yeah, yeah!..."""
what's the matter with it?,it's too much like other flags.
You should be thankful I care so much about your education.,"The truth is,I didn't hear the alarm clock."
Where do you want to go?,Let us go for a drink at the bar where we went last week.
with what?,i'm taking a math course in school.
but i do all my writing with my right hand.,start typing instead. that way your left hand will do half the work.
it's not too bitter for you?,"it's a little bitter, but it's okay."
they have interesting lawsuits.,such as?
i need to withdraw some money.,how are you going to do that?
but a cop might stop you.,"no, he won't. some cars are doing 85."
How much?,I only want to transfer $100.
don't use water on it!,i'll use a damp cloth.
You never know what might happen on these freeways.,There's at least one huge accident every day.
that would be weird.,"yeah, especially since it's ninety degrees outside."
Why do you like it?,Because it has great teachers.
Hello,"hello, how may I help you?"
what would you like to see?,"oh, i don't care. you're the one who wants to go out."
How much would you like to deposit?,It's going to be $300.
why are you yawning?,i'm sleepy.
i must not use this finger until the cut heals.,it might take a day or two to heal.
no more homework.,i hate homework.
and watch your dvd.,i always cry at the end.
what do you mean?,there were more votes than voters!
"Hello, my name is David It's nice to meet you.","Hi, I'm Jenny. It's my please to meet you."
i watered all the plants.,you have a lot of plants.
"when he licks his lips, you know he has a good hand?","i know he has a good hand, so i don't bet."
you're very lucky.,why do you say that?
that sounds like a good spot.,we watch people walk by with their dogs.
What are you going to have for breakfast?,I just have some cereal each morning.
You must be kidding.,"No, I'm not. It's March. Time is running out. Seats are selling out right now."
"yes, he did. his cat died, too.",that's too bad. what about his smoke alarm?
that's a switch.,"i'm serious, have you?"
i hope that it does rain.,you like the rain?
You can try taking it at another college.,I might do that.The closest community college is a two-hour drive.
"if you lose your job, you can move in with me.","oh, thank you. that's very nice of you."
"well, it's really none of your business.",that's harsh.
But I really need a 4.0 GPA.,You get what you deserve.
the neighbors don't party on the weekends.,people take care of their lawns.
What can I do for you today?,I would like to deposit some money.
those are nice. what are they?,these are some chucks.
i don't know. sometimes the law doesn't make sense.,but his latest fire killed someone.
My name is Charlie.,"Nice to meet you,Charlie."
i did.,what's wrong with them so soon?
But this college is so awesome?,"I know,but I really miss home."
he thinks i have too much stress.,stress causes your stomachaches?
How are you doing?,Great. Thanks.
what do you mean?,i can't get a single channel.
working.,"i would've come to see you sooner, but i've been busy too."
not yet. it's been a week.,"well, i guess that's a $20 lesson for you."
of course.,when is he coming?
"yes, it's just a couple of screws.",that's nice.
"bluedog123 is just the street. you have to give me the city, state, and zip code.","oh, i get it. my email address is bluedog123@yahoo.com."
can i try your coffee?,sure. here you go.
i forgot.,sunday means we go to church.
$140. i can't believe it.,what are you talking about?
that sounds like a nice date.,"yes, it was pleasant."
I'll see you later then,Bye! I'll be back.
but i stopped!,"no, you didn't. you slowed down, but you didn't come to a full stop."
maybe you just need to go to the bathroom.,"no, that's not the problem."
who cares? everyone is strange.,that's for sure.
Don't worry.I'll probably come back with 5 more books.,It is great to see a kid excited about reading.
i will.,"oh, look. here's another shirt just like it."
oh.,"i apologized to her, but i could tell she was still upset."
How much?,I wrote the check out for $150.
May I help you?,I would like to return this book.
i thought about getting out and taking a taxi home.,what happened at the restaurant?
did you get your official sample ballot?,"yes, with the voter instructions."
So we have to be at the airport at 10:15.,That means we have to leave the house at 9:15.
what's the weather like?,let me step outside and see.
use a tissue next time.,i didn't have a tissue.
you never know what might happen on these freeways.,there's at least one huge accident every day.
"well, she did, her baby was 8 pounds 6 ounces.","oh my god, that's great!"
i'll go.,i hope that i'll see you there.
How are things with you?,I'm fine. Thank you.
i haven't decided yet.,more and more people are using macs.
but what can you do?,you can yell at them.
sure. why not?,because food and other stuff sticks in my beard.
"the island is so green, and the water is so blue.",did you go swimming?
i was busy the whole day.,so was i.
what's the weather going to be like? i may want to go too.,the weather this weekend is supposed to be warm.
i bought some stock.,everybody buys stock.
"up to $200 for each gun, no questions asked.",why are they doing this?
i hope god didn't hear that.,he'll forgive me.
it smells so bad.,one cigarette stinks up the whole sidewalk.
i'll just use the atm.,what's that?
how much money does he give away?,"this year he gave away $15,000."
i liked it.,"i'll give you a speech like that, too."
and then will she look normal again?,i guess so.
how much is it?,it's one dollar for 100 minutes.
why haven't you answered the phone?,"my bad, i had chores to do."
Why don't you come over here and we can work out the details of the purchase?,I don't think that this is the car for me at this point in time.
i'm not ready to get off the phone with you.,there are other things i need to take care of.
it seems that it may rain today.,hopefully it will.
"whatever a customer ordered, i sliced off a little more for me.",did you get fat?
Hi,how may I help you?
Why are you taking so long?Is something wrong?,"Sorry,my bag of chips got stuck."
I would like to purchase the book for Sociology,May I see your student ID?
they want tax cuts.,why do they want tax cuts?
i'm having a party this friday.,"oh, really? that's nice."
i like to slide into the bases.,yeah. it's a lot of fun to slide.
"well, that's between 2:00 and 4:00 a.m.",where are all these people going?
"It is only offered once a year,so I have to take it now.","I hope the class is interesting,at least."
i was going to be a doctor.,what happened to your plans?
i missed you too.,why haven't you tried to come see me then?
they're behind the outfield.,maybe we can catch a home run ball.
"yes, they are.",did you double-check your nose and teeth?
What if you lose the books?,I won't.I swear on my life.
how did he do it?,it was nothing for him.
i called hp about my computer.,what did they say?
i'm busy this friday. i'm sorry.,what do you have to do?
what happened?,the man fell asleep.
to try something new and exciting.,what if i don't like her?
"yes, i looked there, too.",don't we have about five sharpeners?
Did you move in yet?,"Yes,I have an apartment nearby."
what's the point?,now he has the world record!
i didn't think you saw that movie.,i went to see it the day it came out.
"oh, i just wanted to see if you wanted to hang out tomorrow.","sure, what did you want to do?"
"but, mom!",you can watch tv after you do your homework.
of course! people everywhere like good jokes.,what do you think people joke about the most?
can i pick you up friday night?,what time?
rude people are everywhere.,but what can you do?
perfect. we don't have to listen to barking dogs.,and there are only six units in the whole building.
What can I do for you?,I need to withdraw some money.
i would if i had the money.,why is it so slow?
why would he do that?,did he set a new record?
are you sure?,of course i'm sure.
